"cluster","variable","zscore"
"1","capital_humain_insertion_eco",-1.68555986074699
"1","precarite_structurelle_conditions_vie",0.851991712061512
"1","position_sociopro_emploiquali",0.438152830117828
"1","vuln_soc_fam",0.378044300249322
"1","depenses_globales",0.226102831347049
"1","structure_menage_vs_conso_par_tete",-0.185201965128359
"2","vuln_soc_fam",-0.779824589608585
"2","position_sociopro_emploiquali",-0.702786758936213
"2","depenses_globales",0.382217005237839
"2","capital_humain_insertion_eco",0.290944863675507
"2","precarite_structurelle_conditions_vie",0.283227457613102
"2","structure_menage_vs_conso_par_tete",0.0630314177813355
"3","precarite_structurelle_conditions_vie",-1.20742777510336
"3","structure_menage_vs_conso_par_tete",0.554267335637893
"3","depenses_globales",-0.532563345970745
"3","position_sociopro_emploiquali",0.286800144496264
"3","vuln_soc_fam",-0.174096326317891
"3","capital_humain_insertion_eco",-0.0235475991611917
"4","position_sociopro_emploiquali",2.69445415408094
"4","capital_humain_insertion_eco",1.72774674054238
"4","precarite_structurelle_conditions_vie",1.3691560076403
"4","structure_menage_vs_conso_par_tete",-1.04597480040176
"4","depenses_globales",0.996698220210413
"4","vuln_soc_fam",-0.412146870474576
"5","vuln_soc_fam",1.28611813402355
"5","capital_humain_insertion_eco",0.739724402135921
"5","position_sociopro_emploiquali",-0.670337325352932
"5","structure_menage_vs_conso_par_tete",-0.481773612124574
"5","depenses_globales",-0.295794923651804
"5","precarite_structurelle_conditions_vie",0.208886915229606
