"Dimension","Variables (noms EHCVM)","Sections EHCVM (module)","Justification dans revue (auteurs + étude)"
"Actifs physiques & productifs","frigo, tv, ordin, car, fer, decod, cuisin, lapin, grosrum, petitrum, volail, porc, superf","Logement & biens durables (menage), Élevage/agriculture (menage)","Les actifs servent de cushion face aux chocs, permettent production, vente et collatéral; déterminent capacité d’absorption et d’investissement. Filmer & Pritchett (2001) – “Estimating wealth effects without expenditure data”; Dercon (2004) – “Vulnerability: A Micro Perspective”; Alwang, Siegel & Jørgensen (2001) – “Vulnerability: A View from Different Disciplines”."
"Qualité du logement (matériaux définitifs)","mur, toit, sol, logem","Logement (menage)","Un logement durable réduit vulnérabilité aux chocs climatiques, améliore santé, signe inclusion et stabilité. World Bank WDR 2004 (risk & opportunity); ANSD EHCVM Rapport final (2021) – Chapitre VIII (pauvreté & caractéristiques du logement)."
"Accès électricité & énergie","elec_ac, elec_ua, elec_ur","Électricité & énergie (menage)","Accès énergie améliore productivité, santé, conditions de vie; réduit exposition aux chocs (ex: manque cuisson, éclairage). World Bank WDR 2004; ANSD EHCVM (2021) – Chapitre VIII (accès à l’électricité)."
"Accès eau potable","eauboi_sp, eauboi_ss","Eau (menage)","Eau potable réduit morbidité, coûts de santé, temps perdu; facteur clé de résilience sanitaire. FAO (1996) – sécurité alimentaire et eau; ANSD EHCVM (2021) – Chapitre VIII (accès eau)."
"Assainissement & exclusion des risques sanitaires","toilet, eva_eau, eva_toi, ordure","Assainissement (menage)","Assainissement sain réduit maladies, coûts santé; dimension de vulnérabilité environnementale/sanitaire. World Bank WDR 2004; ANSD EHCVM (2021) – Chapitre VIII (assainissement)."
"Capital humain : éducation du chef de ménage","heduc, hdiploma, halfa, halfa2","Éducation du chef de ménage (welfare)","Éducation augmente productivité, opportunités d’emploi, capacité d’adaptation; corrélée à moindre pauvreté. Sen (1999) – Development as Freedom; ANSD EHCVM (2021) – Chapitre V (éducation & pauvreté); Alkire & Foster (2011) – MPI."
"Capital humain : santé du chef de ménage & morbidité","hhandig, mal30j (via individu), hos12m (via individu)","Santé (individu), Handicap (individu)","Morbidité/handicap réduisent capacité de travail, augmentent dépenses santé; source de vulnérabilité économique. Dercon (2004); ANSD EHCVM (2021) – Chapitre VI (santé & pauvreté)."
"Capital humain : âge & genre du chef de ménage","hage, hgender","Caractéristiques du chef de ménage (welfare)","Age et genre influencent capacité de travail, accès emplois, vulnérabilité spécifique (femmes, âgés). Sen (1999); Chambers (1989) – “Vulnerability, coping and policy”."
"Situation matrimoniale & structure du ménage","hmstat, hhsize","Situation matrimoniale (welfare), Taille ménage (welfare)","Structure familiale affecte division du travail, filets internes, dépendance économique. Alwang, Siegel & Jørgensen (2001); ANSD EHCVM (2021) – Chapitre IV (pauvreté & taille du ménage)."
"Activité & emploi du chef de ménage","hactiv7j, hactiv12m, hbranch, hcsp, hsectins","Emploi & activité (welfare)","Branche d’activité, statut pro, secteur institutionnel déterminent stabilité revenus, exposition à chocs sectoriels. Barrett, Reardon & Webb (2001) – livelihood diversification; ANSD EHCVM (2021) – Chapitre VII (emploi & pauvreté)."
"Diversification des revenus & activités","(construction : nombre d’activités, part revenu agricole vs non-agricole à partir de hbranch, salaire, salaire_sec, volhor, volhor_sec)","Emploi & revenus (welfare, individu)","Diversification réduit exposition à chocs covariants; stabilise consommation. Barrett et al. (2001); Dercon (2004); Hoddinott & Yohannes (2002)."
"Consommation & bien-être (welfare ex post)","dtot, dali, dnal, pcexp, zref","Consommation & welfare (welfare)","Consommation totale/alimentaire mesure directe du niveau de vie; base pour VEP (vulnerability as expected poverty). Chaudhuri, Jalan & Suryahadi (2002); Ravallion (1992); ANSD EHCVM (2021) – Chapitre II (mesure pauvreté)."
"Sécurité alimentaire (part dépenses alimentaires)","dali/dtot (ratio), modep (autoconsomation pour produits alimentaires)","Consommation alimentaire (conso), Welfare (welfare)","Sécurité alimentaire = disponibilité, accès, utilisation, stabilité; part alimentaire élevée signe vulnérabilité. FAO (1996); WFP VAM reports; Maxwell & Caldwell (2008) – Coping Strategies Index."
"Exposition aux chocs covariants & idiosyncratiques","sh_co_natu, sh_co_eco, sh_co_vio, sh_co_oth, sh_id_demo, sh_id_eco","Chocs (menage)","Chocs naturels, économiques, violence déclenchent vulnérabilité; exposition directe = facteur central. Dercon (2004); IPCC framing (exposition, sensibilité, capacité d’adaptation); ANSD EHCVM (2021) – Chapitre IX (chocs & résilience)."
"Liquidité & accès crédit / comptes","bank (compte banque), telpor (téléphone portable → proxy mobile money)","Banque & communication (individu, menage)","Accès compte/crédit permet lissage de consommation, investissement; absence cause ventes d’actifs. Dercon (2004); World Bank WDR 2004."
"Accès aux services de communication & numérique","internet, telpor","Communication & internet (individu)","Accès internet/mobile améliore accès information, marchés, filets; réduit vulnérabilité informationnelle. World Bank WDR 2004; ANSD EHCVM (2021) – Chapitre VIII (téléphonie & internet)."
"Inégalités territoriales : région & milieu","region, milieu","Caractéristiques géographiques (welfare, menage)","Région et milieu (urbain/rural) déterminent accès marchés, services, exposition chocs; hétérogénéité spatiale de vulnérabilité. ANSD EHCVM (2021) – Chapitre IV (pauvreté & lieu de résidence); Barrett et al. (2001)."
"Résilience : indicateurs composites de capacités","(construction : score de diversification + actifs + accès services + bank + internet)","Multi-modules","Résilience = capacité anticiper, absorber, adapter, transformer; composite de plusieurs dimensions. FAO (2016) – resilience in food security; Adger (2000) – social & ecological resilience; USAID/Rapid resilience frameworks."